Austin,09885,austin@gmail.com
Bohn Bohn,0923412,bb@gmail.com
David,0934,david@gmail.com
Gorge,094242,gorge@gmail.com
Jackie,aa,sarah@gmail.com
John,09343,join@gmail.com
Jordan,bb,jj@gmail.com
matty,090909,matty@mail.com
MT,09342,mt@gmail.com
name2,092222,name2@gmail.com
name2,091212,name2@gmail.com
Odin,090000,asgard.odin@gmail.com
Rosy,0934343,rosy@gmail.com
Sarah,093333,name3@gmail.com
test,342,test@gmail.com
Thomas,091111,name1@gmail.com
Zark Muckerberg,09090909,mymail@gmail.com
